ID,Classification,Item,Scene,Brand,Trade,Job Types,Title,Content,types_of,tone,crowd,Keywords,Url
111109,人力资源,校园招聘,工作经历,,销售客服,销售行政/商务,招商,"负责公司新品招商及拓展，积极开拓市场、发掘潜力客户；
主要工作内容有：
1、根据部门策划，制定招商策略，同时协助销售团队完成客户招揽及接待；
2、组织参加各类沙龙、展会活动，与潜在客户进行交流推广；
3、负责客户资料的整理维护，及时发现客户变化，为部门提供良好的客户分析报告；
4、搜集竞争对手信息，定期采集分析市场动态，及时反应给组织；
5、参与组织招商项目的报备、进度推进等工作。",,,,,
111110,人力资源,校园招聘,工作经历,,市场/媒体/广告,市场营销,竞品分析,"1、在XXX公司从事市场营销策划，负责竞品分析工作，梳理近期的市场趋势，分析竞品的优劣势；
2、参与市场活动策划，负责活动相关文案的撰写，协助完成活动发布；
3、组织发起并实施大量的问卷调研，整理调研结果，并做出相应的分析总结；
4、参与对企业品牌形象的宣传推广，分析其受众群体和品牌特点，为品牌传播进行有效策划、实施。",,,,,
111111,人力资源,校园招聘,工作经历,,制药医疗,化学制药/生物工程,药品生产技术员,"1、在XXX医药有限公司实习，主要负责药品生产技术工作，熟悉了GMP质量管理体系，参与药品生产部门的管理及操作等。
2、参与了XXX制药有限公司一次药品的生产，从药品的配料、混合、成型及封装等过程中学习了如何按照GMP质量标准来实现药品的质量保证。
3、在XXX生物技术公司实习，从事药品生产的技术研发，参与对不同药物的实验研究，以及药物合成的生产研发，更加熟悉了该行业的相关知识，也拓宽了我在该领域的知识面。",,,,,
111112,人力资源,校园招聘,工作经历,,房地产建筑业,房地产规划/开发,房地产成本主管,"1、在某房地产开发有限公司担任房地产成本主管实习生，负责进行相关的市场调研、成本分析以及后期投标文案制作等工作；
2、参与了公司重大项目的开发与实施过程，负责分析、比对不同投标文案，筛选出成本最低的；
3、协助组织和参与多项房地产实施投标工作，熟悉了包括市场开发和调研分析、立项报告撰写、价格分析及成本预测等方面的工作。
4、指导辖下团队完成日常工作，及时发现问题并解决，保证学校拟议的项目顺利实施。",,,,,
111113,人力资源,校园招聘,工作经历,,贸易物流,交通/运输,领航员,"1、在某物流公司实习了三个月，负责受理货物，进行包装，以及所有快递物流流程的操作。
2、熟悉物流行业中各类物流路线图，根据不同地区和行业优化物流路线，及时安排快递等工作。
3、熟练掌握各类物流货物的运输方式，并能熟练使用各类跟踪设备。
4、配合物流公司的客服部门，协助处理客户的投诉，有效改善客户投诉率。
5、与财务部门协作，完成发票与账单的制作，并核对货物的准确性。",,,,,
111114,人力资源,校园招聘,工作经历,,生产制造研发,服装/纺织/皮革,设计管理,"在XX服装有限公司从事设计管理实习，负责收集市场及潮流趋势信息，研究新品面料、参与设计初稿及样衣设计，并协助团队进行产品追踪质量检查及完善。
主要工作成果：
1、参与服装系列新品研发，完成8个新品的设计及样衣制作，有效满足客户对于新品设计的需求。
2、策划并参与皮革行业和服装行业的市场推广活动，使公司产品能够快速投入市场，提升公司知名度。
3、有效制定并执行各种流程，缩短设计研发时间，提高生产效率。",,,,,
111115,人力资源,校园招聘,工作经历,,市场/媒体/广告,市场营销,SEM,"在百度SEM团队实习：
1、参与海量数据分析，进行数据归类和清理，灵活运用Excel提高工作效率；
2、负责关键词优化，利用Google Adwords等广告系统进行投放优化，了解并运用各种展示方式，确保广告效果最优；
3、根据业务策略修改和更新广告，实时跟踪广告投放情况，及时对投放中的问题进行定位和处理；
4、熟练掌握各类网络投放平台，解决实际问题以及展示数据的分析和总结，并向客户做针对性的广告投放定位等；
5、关注业界动态，收集竞争对手动态信息，依据市场情况及时更新网络投放计划，提升投放效果。",,,,,
111116,人力资源,校园招聘,工作经历,,IT/互联网,运营,网络推广主管,"持续三个月，于2020年5月到8月在XX科技公司从事网络推广主管实习工作。
1、领导相关互联网推广活动，建立品牌形象，提升认知度，达成更好的销售业绩；
2、根据市场需求进行有针对性的文案撰写，策划精准营销活动，实行网络投放；
3、借助多种社交媒体，提高公司网络知名度，扩大影响力，提升市场占有率。
4、熟练使用Adobe等制作软件，编辑和制作各类网络推广文案，实现营销任务目标。",,,,,
111117,人力资源,校园招聘,工作经历,,房地产建筑业,房地产交易,房地产客服,"一、实习于 XXX 房地产有限公司 
1、在此期间担任客户经理助理，协助客户经理对指定客户进行投资咨询与拓展； 
2、负责客户数据的收集、分析、筛选，组织客户市场调查； 
3、进行市场调研，收集市场分析信息，编制预测，协助客户经理进行准确决策； 
4、根据客户需求建立网络平台，制作网站ppt； 
5、对客户开发咨询报告，及时发现投资机会，提供新的投资思路。 
二、实习于 XXX 房地产有限公司 
1、负责客户投诉、建议和问题处理，组织客户满意度调查； 
2、进行客户信息及市场分析，提供客户服务和支持； 
3、负责客户的日常管理，处理客户入住以及住户离开手续； 
4、熟练使用Orcal ERP系统和Word、Excel等办公软件； 
5、及时发现客户存在的问题、困难，提供有效的解决方案。",,,,,
111118,人力资源,校园招聘,工作经历,,视觉/交互/设计,交互设计,UE设计师,"1、与产品经理协调项目进度，深入分析用户研究获得的信息，以便在尽量短的时间内进行设计;
2、完成产品交互流程图，设计功能详细规划，特别注重创新性和实用性的平衡;
3、按照设计风格及原型规范要求完成形式上的视觉界面设计;
4、遵循可用性原则，提出改进措施，确保设计满足用户体验要求;
5、协同团队做好项目测试及反馈工作，保证设计效果。",,,,,
111119,人力资源,校园招聘,工作经历,,制药医疗,医药注册/推广,器械市场推广,"1、在市场推广实习期间，曾参与多次药品新品促销及营销活动，其中包括社交媒体推广、宣传制作、展会、小组讨论会等，对推广品牌与推广各种促销手段有着较深入的理解。 
2、熟悉诊疗器械行业法规和政策，并具备良好的销售技巧，能够与客户进行有效沟通，拓展新客户，促进品牌与客户的发展和稳固。 
3、负责器械产品咨询、解答客户咨询，积极维护公司和客户的利益，与客户建立良好的关系，为公司提升销售业绩做出贡献。 
4、参与器械产品的市场分析和市场调研，熟悉当地医疗器械市场情况，分析终端客户需求，积极开发拓展市场，不断完善销售技巧，提高服务质量。",,,,,
111120,人力资源,校园招聘,工作经历,,生产制造研发,技工/普工,磨工,"1、实习于XX机械厂，从事磨工工作，掌握了磨床的操作，熟悉每台机器的加工程序及性能指标要求；
2、在实习过程中完成了精密零件的磨削，并能精准检测产品的尺寸，保证每件零件质量；
3、熟悉机床维护与保养，发现常见故障进行现场处理，能及时解决机械故障。4、开展机床设备改造，如增加合理取样装置、更换、更新零部件等，提高设备性能和生产效率；
5、负责部分机床调试工作，检修设备，确保生产线正常运转。",,,,,
111121,人力资源,校园招聘,工作经历,,生产制造研发,电子/电器/半导体/仪器,电路技术员,"1、2月-4月期间在XX实验室实习：
- 学习使用电子测量仪器、元件应用及检测方法，包括特性参数测量、功率损耗测试等
- 完成专业领域前沿技术理论及项目仿真，熟悉信号处理及其输出控制
- 完成多种功率电路设计，如DC/DC转换器、电池充电器和电源等
- 熟悉数字、模拟电路及其设计、仿真及测试，包括ARROCO分析及PLL电路
- 熟悉 PCB 板的设计及PCB正激电路量测 
2、5月期间在XX集团实习：
- 熟练掌握 PCB 电路板线路设计，仿真设计分析软件，参与pls芯片技术开发
- 根据图纸进行原理图绘制和PCB的构建，完成PCB的设计、仿真测试
- 实现电源管理电路、通讯电路，参与数据采集和控制电路的设计
- 接受客户设计要求，按要求完成设计文档的书写及校对
- 参与制作电路模型装配及硬件板卡的编程，取得良好的测试结果",,,,,
111122,人力资源,校园招聘,工作经历,,人事行政,行政/后勤/文秘,行政助理,"1、XXX商业集团，行政助理实习生，9月-12月20xx
负责对内外客户关系管理，协助行政经理进行文件管理、日常事务管理及行政工作，跟进客户订单流程，保证订单准确、高效地完成;熟悉企业内部管理规范及操作流程，以及企业各部门的日常工作;熟悉企业内部资料系统，维护文件管理体系及服务质量。
2、康尚公司，文秘助理，7月-8月20xx
负责日常公文撰写、文件处理、会议和调研工作，熟悉公司政策及规章制度，熟练使用Office办公软件，熟悉图文排版、数据处理、机械加工等等，增强了文字组织能力，提高了文秘工作效率。",,,,,
111123,人力资源,校园招聘,工作经历,,销售客服,销售行政/商务,业务分析助理,"1、对客户需求进行分析，并及时完成相关文档的整理和归类；
2、根据销售业务的运行情况，不断收集和统计相关数据，定期向上级经理汇报运行情况；
3、根据不断变化的市场情况，进行市场行业的分析，提出有效推广方案；
4、协助评估新品牌开发、新产品研发、各项营销活动及相关市场执行工作，完善相应文件；
5、熟练使用MS Office系列软件及数据库，持续完成公司工作任务；
6、负责对客户及供应商的沟通，跟踪客户反馈，处理客户投诉与建议；
7、完成领导交代的其他工作任务。",,,,,
111124,人力资源,校园招聘,工作经历,,生活服务零售,旅游/出入境服务,旅游计调,"1、2018 年3 月至2018 年6月，在国内顶级旅游公司ABC 服务有限公司实习，作为计调专员，担任旅游订单管理，预定酒店、包车购买景点门票、查询航班信息及协调紧急事宜等工作。
2、2018年7月至2018年10月，在中职旅行社运营部实习，负责向客户咨询旅游行程、就地旅游景点以及周边生态、民俗文化等信息，并及时反馈客户对路线的意见及建议，专业的满足客户旅行需求。
3、2019年1月至2019年4月，在海外代理旅游公司DEF出入境服务部实习，负责咨询客户入境出境政策以及申请签证事宜，并关注客户入境出境行程，确保客户能够顺利地进入目的地国家/地区。",,,,,
111125,人力资源,校园招聘,工作经历,,生活服务零售,机械设备/维修,燃气轮机值班员,"一、XX公司 燃气轮机值班员 2018.09-2020.06
1、负责对燃气轮机进行检查和维护工作，保证机组的正常运行。
2、负责监测燃气轮机的运行数据，确保机组的安全运行。
3、及时检查燃气轮机的启动工况，进行必要的修理和更换，以保证机组的正常运行。
4、协助确定燃气轮机的能效改造方案，拓宽节能控制的范围，满足公司的运行标准和要求。
5、管理和跟踪燃气轮机的维修和维护记录，确保维修质量和安全状况。",,,,,
111126,人力资源,校园招聘,工作经历,,生产制造研发,服装/纺织/皮革,图案设计,"1、依据市场及潮流动态，收集、整理优质时尚新元素，开发精美图案设计；
2、基于客户需求，分析设计风格、面料、颜色等，进行图案设计；
3、编辑和维护服装图案文件，确保图案质量合格；
4、协助从事服装设计的同事，对手稿进行调整和修改；
5、了解当前流行的服装设计潮流，参与市场调研工作。",,,,,
111127,人力资源,校园招聘,工作经历,,人事行政,行政/后勤/文秘,其他文秘,"1、熟练操作各类办公软件，如Office、PowerPoint等，对文档格式和内容进行编辑、修改、查重等；
2、协助组织内外会议，准备会场、文件资料、会议物料，记录会议纪要；
3、负责处理部门日常文书工作，撰写相关文件，通知函等；
4、熟悉公司各项政策及流程，能够准确、及时地落实；
5、关注国内外行业信息，完成部门有关公文、跟踪文件编写；
6、收集整理各类资料，协助处理部门相关文书工作及其他事务，并保证收集材料的准确性及时性。
7  负责学校校内社团管理工作，协助老师完成考勤记录，学生请假加班记录，及其他相关事务处理等。",,,,,
111128,人力资源,校园招聘,工作经历,,生活服务零售,技工/普工,硬质合金精加工工,"1、负责硬质合金小件的机械加工，熟练使用CNC加工机、磨床、组装机等设备进行加工。
2、根据零部件图纸和裁剪要求，正确使用机床精准加工零件，以确保所有零件质量满足客户要求。
3、通过改进表面粗糙度和尺寸精度，提高产品质量，满足客户的要求。
4、负责设备日常安全检查和维护工作，确保设备的正常运转。",,,,,
111129,人力资源,校园招聘,工作经历,,生活服务零售,技工/普工,陶瓷原材准备工,"1、负责对原材料进行筛选，确保原料的质量；
2、摆放整理原材料，保证原料的分类及货架的整洁；
3、负责紧急物料调配，保障生产顺利；
4、定期进行仓储环境的清洁保养，维护工作区清洁卫生；
5、根据生产需要，积极协助处理相关事务，如库房管理等。",,,,,
111130,人力资源,校园招聘,工作经历,,生产制造研发,电子/电器/半导体/仪器,封装研发工程师,"1、对新型电子电路板的封装研发进行分析，使其具有更高的可靠性和可操作性;
2、完成封装电路板原理图、PCB布线和电路板封装的设计;
3、根据生产线要求，优化电路板封装设计，避免在封装后出现偏差;
4、根据客户需求，挖掘和完善封装芯片的功能；
5、负责测试并调整封装相关产品，以满足客户需求;
6、总结研发过程中遇到的技术问题，总结有效的解决方案。",,,,,
111131,人力资源,校园招聘,工作经历,,房地产建筑业,土木/土建规划设计,测量,"1、2020.07-2020.10 土木/土建规划设计方向测量实习生，主要负责地形、地质图仪检测、卫星定位、天文定位等测量工作；参与项目实施阶段，完成具体的勘测、规划设计等工作；依据规划设计确定地段平整度、计算等措施，按照设计要求施工；确保施工质量，并对施工过程中出现的问题整体协调处理。
2、2020.05-2020.06 土木/土建规划设计方向调查助理，主要负责高程调查核查、包括地形图仪测量、网络定位调查、高程定向控制等工作，并及时收集、整理所测量计算数据，熟练使用CAD软件进行图纸制作；熟练掌握常用测量仪器，能够正确操作、解决测量中出现的问题；参与土木工程测量过程中的规划设计，上报测量结果，并完成上级交办的其他测量调查等相关任务。",,,,,
111132,人力资源,校园招聘,工作经历,,生产制造研发,电子/电器/半导体/仪器,计量研发,"1、在XX电子有限公司实习，担任计量研发工程师，负责对新产品的测试分析、功能分析、以及特性测试的工作，并在这期间熟练掌握设备的维护以及编程；
2、在XX光学科技公司实习，担任仪器研发工程师，主要负责基于C++的图像处理算法开发，优化算法效率及模型，搭建高效的机器学习模型；
3、在XX芯片有限公司实习，担任半导体研发工程师，主要负责确保产品的质量以及半导体芯片的测试，搭建新的电子原型以及模拟系统。",,,,,
111133,人力资源,校园招聘,工作经历,,生产制造研发,汽车设计与研发,汽车内外饰工程师,"1、2017 年 8 月至 2018 年 2 月，在某国际知名跨国汽车公司实习汽车内外饰工程师，主要负责汽车外观与座舱内饰的设计开发工作，负责创新性的设计与结构分析；
2、2018 年 3 月至今，在某国内知名汽车公司实习汽车内外饰工程师，主要负责根据行业标准及企业客户需求开发全新设计方案，参与多个车型的内外饰设计开发，参与车内外饰现场测试，跟进新设计的项目开发流程、产品评估并进行错误的修正；
3、2018 年 7 月至 10 月，在某跨国汽车公司实习汽车内外饰工程师，主要负责跟踪设计方案的制定与实施，参与车辆内外饰的设计分析，负责模具、样板、软件等一系列设计工作，参与研发流程，协助处理汽车内外装饰及使用安全性问题并参与解决；",,,,,
111134,人力资源,校园招聘,工作经历,,制药医疗,医院/医疗,妇产科医生,"1、在某市妇产科科室实习，负责熟悉妇产科医疗诊断和护理流程，协助医生进行诊断及操作，收集和编制病历。
2、参与小儿科、外科和急诊科的实习，掌握基础医学知识，了解药物成分、用法和副作用，加强医学文献资料及新药推介能力。
3、进行手术室手术实习，仔细观察手术方法和护理技巧，并学习有关手术准备及手术室熏蒸消毒等一系列相关技能。
4、参与实验室预检查、报告审核、仪器操作，提高了自身的技术水平。
5、积极参与临床研讨会，了解相关新技术，掌握各种诊断、治疗、护理的方法，加强护理知识的掌握。",,,,,
111135,人力资源,校园招聘,工作经历,,生产制造研发,技工/普工,技工,"1、在XX机械公司担任技工实习生，负责维修、检查、组装机器，协助管理者核查质量，同时协助相关项目实施；
2、在XX电子公司担任技工实习生，根据图纸进行装配、调试、测试等工作，对各项参数进行完善，及时检查产品质量；
3、在XX公司担任技工实习生，熟练掌握CNC切割、抛光等工艺流程，分析生产中不合质的原因，将问题向管理者及时反馈，并提出合理建议；
4、在XX公司担任技工实习生，参与研发能源设备的调试、维护等工作，掌握设备的性能特性，及时解决运行中遇到的问题；
5、在XX公司担任实习生，参与生产过程中各项设备的安装及维护工作，熟悉生产过程中各种仪器仪表的操作，熟练使用各种手动和机器设备，并熟练掌握ERP软件系统。",,,,,
111136,人力资源,校园招聘,工作经历,,生产制造研发,机械设计/制造,列车设计制造,"1、参与列车车辆相关设计工作，进行系统开发和测试； 
2、进行列车装备的结构设计、动力系统设计及综合设计； 
3、负责列车样车的制作与安装，对样车的性能数据进行统计分析； 
4、参与列车车辆项目过程中计划、文件管理等工作； 
5、负责部分项目的保障与维护，包括列车车辆的维修与维护工作。",,,,,
111137,人力资源,校园招聘,工作经历,,视觉/交互/设计,视觉设计,游戏3D建模,"1、负责游戏项目的三维模型建模与后期制作；
2、设计出符合游戏开发要求的各种三维模型；
3、协助整理、开发游戏角色素材；
4、负责游戏角色、怪物及景物场景的模型制作和后期调整；
5、使用3DMax、Maya或者Photoshop等软件，完成3D角色及景物建模；
6、针对游戏特定需求设计对应素材，包括但不限于图片、贴图等。",,,,,
111138,人力资源,校园招聘,工作经历,,生产制造研发,质量管理/安全防护,质量审核员,"1、参与了各项质量检测和产品安全指引、流程管理的工作，根据不同工序要求，制定出各项质量检测的方案，并负责管理不同产品质量的抽检工作。
2、完成了对该项目的各项检测，并根据客户的要求制定相关的质量控制流程，从而为企业带来更高的效益和更优质的产品。
3、参与了生产现场的安全指引，并建立了一套安全操作监督体系，保证每个环节的安全性。
4、参与了经营单位的日常管理工作，帮助管理部门实施各项管理规定，完成了任务。",,,,,
111139,人力资源,校园招聘,工作经历,,高级管理,项目管理,标准化工程师,"1、在XX公司实习，负责项目管理及文档编写工作，完成了公司的标准化建设任务。
2、熟练运用ERP系统，对项目进行资源分配与监控，确保项目正常开展。
3、协助公司工程师，进行项目流程梳理及数据收集工作，分析工作流程，并撰写相关文档，提升项目执行效率。
4、日常维护项目状态，编写项目总结报告，跟踪项目进度，确保项目顺利完成。
5、对公司工程师进行培训、能力提升，增强标准化工程的服务水准，达到公司的服务要求。",,,,,
111140,人力资源,校园招聘,工作经历,,生产制造研发,电子/电器/半导体/仪器,技术文档工程师,"1、在电子/电器/半导体/仪器方向负责文档管理，参与多种开发技术文档的编写、翻译、审核，如产品用户手册、技术参考文档、技术标准文档、测试报告及技术文章。
2、编写文档与团队内的技术人员合作，确保完整的技术资料，为客户提供系统的应用说明书、操作文档，以及帮助销售部门完成技术支持，有效提高公司影响力和减少客户投诉率。
3、利用相关编辑软件改善文档质量，整理文档格式，审核文档内容，维护文档库，监控文档编辑进度，将发布审核完成的文档提交到客户。
4、为客户提供专业的文档支持，根据客户反馈了解产品使用情况，将客户反馈纳入文档的改进计划中，保证文档的完整性和准确性。",,,,,
111141,人力资源,校园招聘,工作经历,,IT/互联网,移动开发,小程序开发,在XXX公司的实习期间，我主要负责小程序的开发与维护，利用微信小程序云开发来搭建后端，使用微信小程序的API处理前端逻辑，完成小程序需求功能。并对相应功能模块编写完善单元测试，保证了小程序的稳定运行。也曾经利用小程序实现了实时数据传输功能，可以通过获取经纬度实现位置识别。通过不断的实践与学习，巩固了所学知识，提升了技术能力，为我未来的职业发展打下了坚实的基础。,,,,,
111142,人力资源,校园招聘,工作经历,,金融,基金/证券/期货/投资,其他证券,在 XXX 证券经纪有限公司的三个月实习经验中，我深入了解了证券市场运作流程，分析证券市场大盘及其他资讯，完成了从交易系统终端到交易所报价系统等一系列终端交易应用系统更新及架构重构，开展投资分析工作，进行了公司股票、债券、基金等投资组合管理，形成了一定投资理念，让我对证券市场有了自己的理解，以及独立进行分析与投资的能力，并熟悉了期货、外汇等投资市场的基本理念。,,,,,
111143,人力资源,校园招聘,工作经历,,房地产建筑业,物业管理,物业总监,"1、曾在知名房地产总代理公司担任物业管理岗位,负责公寓小区的日常管理，为客户提供高效的服务并协调各部门;
2、参与多个房地产开发项目的物业管理工作，协助解决复杂的物业问题，有效提高物业管理效率;
3、具有良好的沟通能力和团队协作能力，能够有效与业主、租户及物业人员达成协议，消除纠纷;
4、凭借丰富的行业经验，具有良好的逻辑思维能力，能够灵活应用物业管理知识，精准分析问题，有效解决问题。",,,,,
111144,人力资源,校园招聘,工作经历,,人事行政,人力资源,薪资福利主管,"1、东北大学2017年10月至2018年7月，在校园招聘会的薪资福利主管实习行政助理，负责协助组织各项人事行政工作，协助主管处理各类薪资福利文件，审核审批相关请求，编制相关统计报表及支付单，协助维护社保等信息，以及其他相关日常工作。
2、上海正宇咨询有限公司2018年8月至2020年3月，在人力资源部任职薪资福利主管实习生，主要负责参与制定公司薪资福利政策，审核审批相关报销申请，记录存档员工社保公积金账户等信息，协助处理社保相关事宜，参与员工调薪、转正等业务，以及其他相关薪资福利管理工作。",,,,,
111145,人力资源,校园招聘,工作经历,,生产制造研发,汽车制造,汽车质量工程师,"1、在XX汽车制造公司实习，参与了工序监控、零部件质量检验工作；
2、在XX汽车制造公司实习，负责制造过程和装配流程的改进工作；
3、在XX汽车制造公司实习，参与日常生产管理工作，监督汽车部件的制造及测试；
4、在XX汽车制造公司实习，开展质量管控和客户售后的投诉处理工作，搭建精益或六西格玛模型巡检体系，提升汽车质量；
5、在XX汽车制造公司实习，熟悉各项汽车质量测试设备，实施汽车质量管理，跟踪汽车质量监测状态，制定客户服务和整改方案，完成质量报告的编写。",,,,,
111146,人力资源,校园招聘,工作经历,,生产制造研发,生产管理,环境/健康/安全经理（EHS）,"1、在某大型制造企业担任安全/健康/环境管理实习生，负责相关培训，监督安全操作并实施环境/健康/安全（EHS）管理体系。
2、根据国家安全，健康和环境法律法规，研究和分析公司现有的EHS管理体系，提出改进建议，并负责实施修改。
3、参与制定公司EHS政策，制定操作程序和安全操作规程。
4、定期根据EHS要求，组织开展安全教育培训，并指导员工正确的安全操作方法和了解EHS知识；
5、组织安全检查，制定重大事故应急预案，并定期参与模拟预案训练；
6、编写相关EHS报告，确保EHS管理达到国家相关要求。",,,,,
111147,人力资源,校园招聘,工作经历,,生产制造研发,电子/电器/半导体/仪器,芯片CAD工程师,担任半导体公司芯片CAD工程师助理，负责数字逻辑电路的设计建模，制作原理图，运用OrCAD，Altium Designer等CAD工具以及相关软件；从事FPGA芯片设计和验证，使用QuestaSim、Vera等高级模拟软件；同时也参与多样化的数字信号处理的设计，利用中断式技术，对DSP芯片的实时控制；期间还参与了板级设计，使用KiCad进行原理图绘制，完成PCB版图布线；实习期间还参与多次电路实物搭建以及测试，并在技术上与同事进行交流，收获了丰富的实践经验。,,,,,
111148,人力资源,校园招聘,工作经历,,生产制造研发,服装/纺织/皮革,纺织设计总监,在校期间，我曾在制衣工厂担任实习纺织设计总监，主要负责新款纺织品的设计，协助工厂对抽样款验证、尺寸测试，针对不合规格的产品，即时分析原因并提出剔除和改进措施。并参与定制服装的外贸开发，负责客户订单的及时处理，及全程追踪、改良和解决质量问题，保证交期及质量要求。此外，我曾参与过多个国际大型会展现场，参与包括客户参观、对外推介、产品展示等方面的工作，取得了良好的效果。,,,,,
111149,人力资源,校园招聘,工作经历,,市场/媒体/广告,市场营销,竞品分析,作为一名学生实习生，我曾于2019年6月~2019年8月在上海XX公司实习，主要负责竞品分析，熟悉收集市场和竞品数据，分析比较同行业内产品定位、特性以及细分市场的客群信息，为公司进行相关的市场分析，提出市场推广建议. 在此期间，充分利用业界资源，研究市场发展趋势，及时收集、分析竞品新动向，并将发现的结论搭配权威数据作为公司进行行业定位和市场定位的参考；为公司制定有力的数据支撑的营销策略和路径，为公司产品市场营销提供科学依据.,,,,,
111150,人力资源,校园招聘,工作经历,,生产制造研发,生产管理,生产督导,"1、参与生产企业的设计、组装以及运行相关的生产流程，并完成质量检查；
2、根据生产安排，及时发放生产材料，并及时更新、维护生产记录；
3、熟练掌握各种机械设备的安全使用方法，建立并遵循良好的安全操作程序；
4、认真检查各种设备状态，及时发现并消除可能存在的隐患；
5、根据产品质量标准，定期或不定期进行抽样检测，并提出质量改善方案；
6、利用丰富的生产管理技术和工具，对生产车间进行有效的管理。",,,,,
111151,人力资源,校园招聘,工作经历,,生产制造研发,电力/能源/矿产/地质勘查,节能工程师,"1、2018.11-2019.11 清华大学电力与能源研发中心 节能工程师实习生  
我在该实习期间主要负责德国节能标准开发、美国核能节能认证和节能设施运行状况分析。针对其中复杂的技术问题，我们结合国内国际的科研成果，并采用模拟试验等方法探寻出有效的解决方案。另外，负责测试不同节能设备参数的试验工作，编写测试报表和数据分析。在此期间，我们为其他研究小组完成了多项节能部署和工程方案，并积极争取到了不少科研项目的预算拨款。
2、在这一实习期间，我负责研发中心的现代能源技术和现场施工工艺管理方面的研究工作，涉及到火电、风电、核电等多种能源类型，深入了解国内外能源系统的优化运行模式。此外，我还负责参与研发中心的节能设施项目的实施，并致力于节能设施的选型，方案优化，性能验证，技术评价等。这一实习期间，我所参与的多项节能设施项目均取得了良好的效果，获得了研究中心管理层的高度赞誉。",,,,,
111152,人力资源,校园招聘,工作经历,,视觉/交互/设计,其他设计,玩具设计,"1、曾在XX玩具公司担任视觉/交互/设计方向的实习生，熟练掌握Adobe Photoshop和Illustrator软件，熟悉3D建模软件Rhino等，负责玩具产品的视觉设计工作，对玩具外观特性进行体现，并将其传达给消费者。
2、 曾为XX玩具公司设计一款能够激发孩子学习兴趣的智能教育玩具，完成了玩具原型的制作、功能测试及视觉设计，帮助公司提高产品竞争力，并受到领导及同事的高度评价。 
3、 曾参与XX玩具公司的项目，负责思考玩具产品的用户体验和界面设计，收集相关资料，实施用户调研，最终可以促进产品开发的进度，收到部门主管的表扬。",,,,,
111153,人力资源,校园招聘,工作经历,,生产制造研发,化工,化工涂料研发,"1、化学与生物企业实习（2016.03-2016.06）
2、 主要负责化工涂料的研发工作，包括填料、颜料、助剂的技术开发和试验应用。
3、 指导老师的指导下，熟悉并掌握各种涂料产品技术知识，深入理解并认识化工涂料的科学背景。
4、 参与了多个涂料项目的研发，开发出了多种新型化工涂料，为公司拓展新的市场业务。
5、 积累了宝贵的涂料行业实践经验，提升了对化学品的操作技能，丰富自己的实践经验。",,,,,
111154,人力资源,校园招聘,工作经历,,生活服务零售,酒店/餐饮/娱乐/生活服务,茶艺师,"1、职责：1. 负责日常茶艺相关工作，为客人提供优质的茶饮体验；
2、参与组织和实施各种茶艺类活动和茶道仪式；
3、收集和研究客人对茶艺需求和反馈，提升茶艺水准；
4、积极发掘及推广茶艺文化，丰富客人茶艺知识；
5、协助酒店展示茶艺礼品，提高营销收入。
1、职责：1. 根据餐厅风格和客人特征，制定更具创意的茶艺菜单，提供丰富多彩的茶艺服务；
7、为员工提供茶艺相关培训，指导他们更好地处理客人的咨询和反馈；
8、熟悉不同茶叶、茶具材料特性及使用方法，为客人提供优质的茶艺体验；
9、参与组织和执行各种茶艺类活动，增加餐厅外营销效果；
10、遵循茶艺规范，维护餐饮环境的秩序与文明。",,,,,
111155,人力资源,校园招聘,工作经历,,咨询法律翻译,法务,法务助理,2018年7月-2018年10月，在XX律师事务所担任法务助理实习生，主要负责法律文书的研究和起草；协助律师及部门主管处理合同纠纷、金融诉讼及其他案件相关事宜；参与会议和诉讼活动；保持档案制度，整理诉讼档案及其他资料；撰写法律意见书，翻译法律文书。在实习期间，我通过阅读大量法律文书及案件资料，深入学习法律知识，收获颇丰。同时，我也主动参与了项目的研究、实际调查及诉讼活动，从中学到了不少实践经验，增强了我的法律实务能力。,,,,,
111156,人力资源,校园招聘,工作经历,,生活服务零售,机械设备/维修,汽车装调工,2016.6-2016.9 在某汽车服务公司实习汽车装调工，主要负责拆解、检查和修理轿车内部发动机部件，将安全带，制动系统，挡位器，喇叭以及零件从汽车中拆卸出来；拆除、检查和更换汽车发动机装置；将汽车底盘或前后轮版与驱动轮接驳；排除故障，测试仪表，运用液压仪和其它特殊设备；并完成整车检查，确保车辆能够正常运行。在工作过程中，熟练掌握了精密汽车装调技术和维修技术，有效的提高工作效率。,,,,,
111157,人力资源,校园招聘,工作经历,,生产制造研发,电子/电器/半导体/仪器,电器工艺工程师,"1、2017.06 - 2018.06 在XXX电子有限公司担任电器工艺工程师实习生，主要负责设计、制作、试验、测试不同类型的电器产品工艺流程。
2、对电子产品和电气产品进行工程设计，制定生产工艺方案，分析电气产品工艺性能，并负责技术改进；
3、编制电器产品相关工艺手册，撰写装配测试方案，编制设备工艺章程，控制生产工艺；
4、负责检测和测试产品工艺性能，采集生产信息和技术数据，检验产品参数，保证产品质量；
5、负责把握生产工艺有序运转，解决工艺中出现的各种问题，完成上级领导交办的各项工作。",,,,,
111158,人力资源,校园招聘,工作经历,,IT/互联网,运营,策略运营经理,"2017-2018年，在某世界500强企业互联网部实习，负责媒体内容和社交媒体运营。
1、对公司的新产品进行宣传推广，建立网上及线下粉丝社群，构建互动性良好的用户群体，为社交媒体营销战略提供建议和支持。
2、领导和协助企业宣传推广工作，参与到了系列活动的策划和执行中，包括企业官方网站、新媒体和新闻稿等传播形式的运营。
3、负责监测媒体内容，及时处理客户投诉，不断收集和分析用户反馈意见，建立友好的客户关系，确保良好的网络形象。
4、分析各大媒体的数据统计，以及市场营销活动的宣传效果，为企业社会化营销活动提供客观数据支持。",,,,,
111159,人力资源,校园招聘,工作经历,,生产制造研发,汽车销售与服务,汽车定损理赔,"1、 2017年10月-2018年12月：在某汽车维修经验的公司从事汽车定损理赔工作，负责评估事故造成的损失，拟定定损赔偿相关方案，以及协调用户和保险公司做出最优方案；
2、 2018年7月-2019年8月：在某汽车租赁公司从事汽车定损理赔工作，负责租赁车辆的检查以及定损业务，熟悉汽车损伤和车况评估标准，熟悉全国汽车出险率状况；
3、 2019年9月-2020年8月：在某汽车维修连锁店从事汽车定损理赔工作，负责检查车辆故障状况，根据维修实施情况编制专业的报价，掌握定损赔偿标准，并快速准确地对客户进行定损理赔。",,,,,
111160,人力资源,校园招聘,工作经历,,IT/互联网,测试,协议测试工程师,"1、 2018.4-2018.9、在XX软件公司担任协议测试工程师实习生，主要负责对公司旗下产品的网络层、传输层及应用层协议进行系统性的验证与测试。
搭建验证自动化及性能测试平台，对复杂协议进行灵活构造并搭建验证框架；
借助Wireshark、TCPDump分析网络报文，编写脚本脚本验证报文完整性、正确性；
及时发现产品协议存在的bug，并编写测试报告，总结问题原因，尝试给出解决方案；
跟踪验证优化产品核心协议，提高产品安全性。",,,,,
111161,人力资源,校园招聘,工作经历,,市场/媒体/广告,影视/媒体,艺术设计总监, ABC 公司担任艺术设计实习生，熟悉艺术设计的各个流程，参与影视剧项目的设计制作，从上传媒介内容、字体、海报预览、色彩校正等方面积累了丰富的经验。配合设计部门对多媒体图形的优化与完善，进行售前、售中和售后的售卖服务，妥善处理客户疑难问题，熟悉Adobe CS4/CS5系列产品，能快速准确地完成工作任务。掌握广告传播和技术原理，熟练运用Photoshop、Illustrator等多媒体设计软件开展艺术设计工作，为项目提供专业化服务。,,,,,
111162,人力资源,校园招聘,工作经历,,IT/互联网,移动开发,IOS开发工程师, ABC 公司任职期间，负责 IOS 系统开发，并且参与完成全套 IOS 端产品的开发工作。作为社区应用的主要开发人员，编写了大量 Objective-C 代码，使社区应用具有流畅的动画效果、高性能和稳定的运行状态。独立编写、调试和维护项目文档，及时完成各类新功能的调试工作，按时完成项目开发任务。参与开发社区应用，完成产品交互设计，构建 iOS 客户端和服务器有效连接，实现消息推送，提升应用体验。,,,,,
111163,人力资源,校园招聘,工作经历,,生产制造研发,电力/能源/矿产/地质勘查,石油工程师, XX 公司担任石油工程师实习生，主要负责能源开发项目的研究和分析，并协助进行资源勘查、安全检测和技术评估。具体职责包括：地质位置探测、地质特征测量、样品采集和实验分析、地质信息系统建立及数据统计、准备开采方案及施工、设备安装维护等。同时还负责和协助公司拟定行业发展方向，优化公司的地质技术及采油技术，最终帮助公司发挥最大的能源开发价值。,,,,,
111164,人力资源,校园招聘,工作经历,,金融,财务/审计/税务,固定资产会计, XX 公司实习，主要负责固定资产会计工作，包括验证购入资产时的合同、登记厂商开票信息，对固定资产进行收登记、维护以及年度折旧核算，关闭固定资产的相关报表，及时到财务部门反映非经常性的固定资产出账，按照规定的期限完成会计报表数据建档等。另外，还负责管理固定资产档案，定期对固定资产档案信息进行核对，提出解决方案，定期对贝尔固定资产系统建设进行检查，确保财务报表数据正确无误。,,,,,
111165,人力资源,校园招聘,工作经历,,IT/互联网,通信,无线通信工程师, XX 股份有限公司担任无线通信工程师实习生。负责开发及部署多种无线通信用品，包括移动网络和无线网络等；还参与了新技术的创新试验，帮助公司改进产品和服务；积累了大量专业知识，提高了自身的技能，有效提升了自身的实际水平，丰富了自身从业经验。,,,,,
111166,人力资源,校园招聘,工作经历,,销售客服,销售管理,渠道主管, XX 信息咨询有限公司担任渠道主管实习生，主要负责渠道管理、拓展和维护工作。实习期间，我通过收集市场信息，识别潜在客户，开发新渠道，与合作伙伴建立良好关系；同时积极主动地参与各类市场活动，熟悉渠道管理流程，及时跟踪渠道提供的服务，及时发现并处理渠道问题，优化渠道绩效。此外，我还在准确制作和完善每日、每周、每月的渠道销售报表，丰富自己的经验储备。,,,,,
111167,人力资源,校园招聘,工作经历,,房地产建筑业,房地产规划/开发,配套主管, XXX 房地产有限公司，我作为配套主管实习生，负责公司新开发写字楼、超市和公寓的配套规划。主要职责包括：一是根据公司的目标，对总体概念进行规划、评估和预测，以便为运营团队提供可行的解决方案；二是分析当地市场，研究特色商业模式，确保室内设施和服务能够满足客户的需求；三是协助研究并确定具体的配套设施和服务，并和供应商、承包商紧密合作，把握质量和时间，实现投资和成本控制。在期间，我还参与了环境研究、社区调研和物业管理项目，丰富了自身的能力和知识。,,,,,
111168,人力资源,校园招聘,工作经历,,贸易物流,交通/运输,机场地勤人员, XXX 机场实习了两年，负责机场地勤工作，每日完成航班办理检查手续，确保航班准时起飞。同时，参与了机场运输物品安全检查、运货单据证明登记、库存管理等工作，取得了一定的经验。对国际机场操作流程、地勤服务规范以及航空安全管理有着深入的了解，并在实习期间收获颇多。,,,,,
111169,人力资源,校园招聘,工作经历,,生活服务零售,酒店/餐饮/娱乐/生活服务,裱花师, XXX 酒店服务部担任裱花师实习生，负责裱花设计、制作、装饰及艺术表现等工作。根据客户的要求，准确把握色彩、气氛及设计风格，为客户量身定制原创的装饰作品，达到客户满意度。协助把握张罗各项酒店装饰材料的切割、粘贴等工作，熟练操作团扇机，把握裱花细节造型，打造出各种精美的装饰物。,,,,,
111170,人力资源,校园招聘,工作经历,,IT/互联网,后端开发,Ruby开发工程师, XXX 科技公司任职了一年实习 Ruby 开发工程师，主要负责 Ruby on Rails 程序的开发和维护，实现服务端及前端的网页开发；负责整体功能模块的优化及性能的提升；根据客户需求进行业务逻辑的沟通、分析、迭代、调试；协调各部门对接、解决线上线下产品的问题，完成相关bug修复；主导RESTful网页架构的开发，搭建及维护；负责数据库的设计、建立及维护工作。,,,,,
111171,人力资源,校园招聘,工作经历,,生产制造研发,汽车销售与服务,汽车零配件销售, XXX 汽车服务有限公司担任汽车零配件销售实习，负责零配件的市场调研和分析，收集客户市场及售后服务意见，以及对产品进行行业比较分析，分析竞争产品，提出优化产品建议。参与并协助组织汽车配件销售团队，负责团队任务执行以及完成工作细节，例如：收集客户信息、进行汽车配件销售等；与上级部门对接，及时确认配件采购、库存信息，确保物流及时准确；根据客户要求调整相应的服务策略，提高销售效率；通过CRM系统跟踪客户需求，处理及解决客户投诉，维护客户关系。,,,,,
111172,人力资源,校园招聘,工作经历,,高级管理,项目管理,IT项目经理,"1、 XXX公司IT项目经理/ 2019.9 - 2020.3
2、 负责公司核心产品的需求分析、立项文案与开发计划、项目整合管理，协助进行前期前期测试与可行性评估并撰写报告
3、 搭建PMO平台并定期汇报项目状态，独自负责新产品研发及上市后的维护与扩展
4、 与业务团队就产品设计、新技术应用、客户特性等方面进行深度交流，监督项目进程，确保项目按时高质量完成
5、 配合团队完成运营性任务，如产品改造、项目策划与运营，完成上级交代的各项工作",,,,,
111173,人力资源,校园招聘,工作经历,,销售客服,销售技术支持,现场技术支持,"1、 XXX公司客服部现场技术支持实习生：
2、 为用户提供技术支持和咨询，及时解决用户遇到的技术问题；
3、 协助客服部排查、收集用户问题、发现软件异常，对软件功能进行细致检查；
4、 跟踪并跟进客户关怀，促进用户与产品的深度沟通，建立稳固的客户关系；
5、 负责售后技术服务，根据处理需求提供反馈建议，跟踪客户需求进度；
6、 协助内部研发、质量及实施部门进行后端测试，收集用户体验建议，跟进相关故障及缺陷进行处理。",,,,,
111174,人力资源,校园招聘,工作经历,,视觉/交互/设计,其他设计,展览设计师,"1、 XXX广告公司 | 展览设计师 | 2017.08-2017.12 
在XXX广告公司担任展览设计师，负责设计制作各类会展展厅效果图、设计方案，协助展厅的策划和执行，制定合适的物料配置方案，保证展厅效果满足客户期望。负责展厅交互体验设计，做好细节设计，以及前端展示内容编辑整理。深入参与广告公司展厅相关项目，考虑展厅整体空间布局和视觉设计，能够对当前项目进行有效预算，并及时准确汇报。
1、 XXX展览公司 | 视觉设计师 | 2018.02-2018.05
在XXX展览公司担任视觉设计师，负责展厅的视觉设计与空间布局开发，擅长根据展厅的设计需求，运用Illustrator/Photoshop/Adobe After Effects等设计工具完成展厅视觉设计以及展厅交互体验设计。熟悉色彩、字体、灯光等基本美术原理，并能够将其应用到展厅视觉设计上。",,,,,
111175,人力资源,校园招聘,工作经历,,生产制造研发,机械设备/维修,设备修理,"1、 XXX机械制造有限公司，设备修理，实习生
2、1 协助设备修理工程师对机械装备进行维护维修，包括但不限于轴承、链条、齿轮、电机、仪器等；
3、2 根据技术图纸编写修理工作方案和详细修理流程，确保装备的正常使用；
4、3 检测、更换及修理变压器、点火器、发动机等零部件，保证设备完好无损；
5、4 负责对废弃物的拆解及处理，对旧零部件进行更换及修理，以供日常生产使用。
6、5 进行现场机械设备的检修，保证生产的正常及安全性；",,,,,
111176,人力资源,校园招聘,工作经历,,制药医疗,医药注册/推广,药品市场推广助理, XXX制药有限公司实习，担任药品市场推广助理；负责为多种新药的发布活动提供市场支持，对推广药品相关信息能进行跟踪；参与设计、制作和执行推广计划，如展会、报纸、电台、网络等各种媒介；协助外部部门完成销售，联络医院职员、诊所职员和零售商，在他们上宣讲药品的性能及用法，维护和拓展公司在市场中的形象；对部门活动进行整体协调，负责统计市场资料、提供竞争对手活动的分析报表、管理市场活动报销；按照中央要求不断改进宣传策略，调整市场策略，与医生一起协调、分析、设计、开展新药试用项目，以达到更好的效果。,,,,,
111177,人力资源,校园招聘,工作经历,,金融,信托/担保/拍卖/典当,其他担保,"1、 实习职责：负责监测市场情况和风险管理，进行担保业务的数据分析和核心产品的担保评估；梳理客户的结构性担保及担保政策，协助客户获取资金；参与各类银行信托项目、证券担保及典当担保等方面的洽谈及签署工作。
2、 所获技能：熟悉了金融担保的基本原理和流程，掌握了用于担保业务的风险评估分析工具，掌握了数据分析、对项目进行分类和统计的相应技能；具备了一定的客户沟通能力和应变能力，能针对客户的特殊要求及时做出调整；了解了基础的法律法规、金融监管及财务报表分析基础知识。",,,,,
111178,人力资源,校园招聘,工作经历,,金融,金融产品/行业研究/风控,行业研究, XYZ 金融公司实习期间，我完成了多个行业研究项目，获得了丰富的金融产品/行业研究/风控知识，尤其在了解各类金融产品、财务报表分析以及政府法规、政策以及市场趋势方面取得了显著进步。通过与团队成员高效协作，能够准确收集和分析信息，从而帮助团队顺利完成多项重要项目，为公司提供了贡献。此外，还加深了对数据分析的理解，以及如何将研究结果运用于金融实务的能力，为今后从事行业研究工作打下坚实基础。,,,,,
111179,人力资源,校园招聘,工作经历,,贸易物流,物流/仓储,物流助理,"1、 北京某物流公司物流助理实习生（2018年1月至2月）
2、 负责物流跟踪任务的管理，协调物流部与相关部门之间的物流活动。
3、 通过跟踪物流信息，对库存进行控制和跟踪，并及时反馈给客户。
4、 协助定期的国内外发货，管理发货的准备、安装、装箱和签收。
5、 关注物流公司服务质量，确保物流服务能够达到客户要求。
6、 广州某物流公司物流助理实习生（2018年9月至10月）
7、 协助物流部门管理库存、出入库，对物流活动进行跟踪、反馈客户各项物流需求。
8、 完成货物装卸工作，负责仓储物品的安全运输和准确存取”。
9、 管理订单数据，并根据客户需求提供细致准确的报告。
10、 及时监测物流跟踪，保证客户的货物能够按时发放，节省客户的时间和成本。",,,,,
111180,人力资源,校园招聘,工作经历,,市场/媒体/广告,影视/媒体,直播带货,"1、 北京某知名电视台内容制作实习生：负责为电视台拍摄的精彩节目制作文案，负责协助主播安排节目前的现场实景采集、现场组织及节目后期文案编辑工作；协助主播进行现场即兴节目构思及创作，并在现场文案实时编辑、打稿。
2、 北京某知名媒体实习生：负责帮助和协助主播对节目内容创意进行预研和开发；参与公司新媒体/直播带货平台的品牌营销推广；熟悉领域新趋势、技巧、主题等，综合把握社会动态，挖掘出热门话题，开展创作和分析工作；参与主播直播节目的创作、内容策划、文案编辑等，及时撰写文章进行市场推广。",,,,,
111181,人力资源,校园招聘,工作经历,,金融,财务/审计/税务,风控,"1、 编写和检查违约信息、财务报表，以评估客户的信用状况；
2、 协助专业风控顾问进行市场和信用风险评估；
3、 分析客户的收入、负债、资产变动和利润状况；
4、 每周定期向部门总监汇报客户授信工作情况及风险控制情况；
5、 定期收集并分析当前金融市场的变化，并对我司授信行为和投资进行分析；
6、 协助客户开展融资活动、决策和投资，防止出现不必要的收益损失。",,,,,
111182,人力资源,校园招聘,工作经历,,生产制造研发,汽车设计与研发,底盘设计,"1、 参加过厦门某汽车制造厂的实习，主要参与底盘设计和研发工作，对客户发布的新样式要求和设计理念进行深入的理解，编写底盘方案的优化设计方案，使新样式能够满足客户的要求。
2、 对底盘系统设计进行性能验证，组织汽车厂的设计部门进行技术整合，并针对专业的分析、比较和优化底盘设计。
3、 以对特殊系统要求和复杂系统设计做出贡献，协助完成汽车设计流程，解决设计问题。
4、 根据标准生产过程和质量要求，测试底盘设计的正确性，确保设计结果满足相关条件。",,,,,
111183,人力资源,校园招聘,工作经历,,金融,基金/证券/期货/投资,投资顾问,"1、 参与分析金融市场的动态，研究最新的经济政策，诊断最新的资产管理趋势；
2、 熟练掌握金融基金、证券、期货、投资领域的基本知识，根据客户需求和投资目标提供详细、合理、实用的投资建议；
3、 在金融行业开展投资风险控制、投资绩效评估等方面的研究，及时跟踪、分析当前金融市场及行业发展情况；
4、 向客户介绍最新的投资理论和投资产品，储备投资理论知识并能与之相结合，把握投资机会；
5、 熟悉金融行业的法律法规及规章制度，保证投资顾问工作的规范化。",,,,,
111184,人力资源,校园招聘,工作经历,,IT/互联网,测试,性能测试工程师,"1、 参与负责数据库性能测试，包括以下内容：评估客户使用的数据库负载情况；确定合适的数据库服务器硬件；调优存储过程、视图、函数和查询；执行压力测试。
2、 利用SQL Profiler，为特定项目记录数据库活动，并分析收集的数据，找出优化建议。
3、 根据需要，执行定期历史数据库性能监控，提前发现和解决问题，确保数据库正常运行。
4、 使用自动/手动性能测试工具，进行可用性测试和核心功能测试，并制定详细的测试文档。
5、 针对Web应用程序，使用Jmeter等工具，进行压力测试，确保应用程序在设计限制下的最佳性能。",,,,,
111185,人力资源,校园招聘,工作经历,,房地产建筑业,建筑工程,测绘员,"1、 参与建设工程测量工作，协助负责人进行工程测量，如地形变化、房屋拆除、桩基等；
2、 根据客户要求，收集及整理历史数据；
3、 加强对测绘施工过程中的安全控制；
4、 制定测绘施工方案及报价，及时报告施工完成情况；
5、 参与信息图表编制及数据整理工作，将测量数据转换成图表；
6、 准确而快速地完成与测绘实习相关的其他任务。",,,,,
111186,人力资源,校园招聘,工作经历,,教育培训,教学,历史老师,"1、 参与组织及实施历史课程教学计划，审阅历史课程习题，指导学生完成历史作业
2、
3、 自主掌握历史课程内容，针对学生提出的课外问题进行答疑解惑。
4、 根据教师不同的教学年限，调整教学方式，引导学生们建立正确、良好的历史学习思维，提升历史素养。
5、 站在学生角度，根据学生的学习能力和学习风格，提出完善的历史学习计划，指导学生解决学习中的难点。
6、 与学生交流，及时调整课堂节奏，保持学生的学习兴趣。",,,,,
111187,人力资源,校园招聘,工作经历,,IT/互联网,硬件开发,硬件开发经理,"1、 搭建基于STM32 MCU的原型硬件，调试单片机时钟晶振和电源，实现功能及性能测试；
2、 负责运行稳定性和超低功耗测试，分析和解决各种问题；
3、 完成与WiFi/BT通信和驱动的联合测试，确保数据传输的正常性和稳定性；
4、 完成了与蓝牙BLE和Zigbee协议的联合开发和测试，并实现了无线模块和服务端的联合整体测试；
5、 设计和编写硬件调试脚本和测试脚本，参与PCB布局设计，编写了部分核心算法。",,,,,
111188,人力资源,校园招聘,工作经历,,生活服务零售,酒店/餐饮/娱乐/生活服务,救生员,"1、 搭建水上救护站，负责救游客的安全，并就游泳服务提供咨询；
2、 积极参与水上运动项目，提供水上安全演示和服务，保证游客的安全；
3、 负责游客的安全教育，制定酒店安全相关政策，处理可能出现的紧急情况；
4、 根据酒店要求，完成服务培训及救生训练。",,,,,
111189,人力资源,校园招聘,工作经历,,制药医疗,医院/医疗,保健医生,"1、 东南大学附属医院，助理保健医生，2018年10月至2019年2月
我在东南大学附属医院实习，负责一线医护人员的健康检查、传染病预防工作，并给不同疾病年龄段患者提供专业的咨询服务，进行健康教育，深入了解患者的治疗情况、药物使用情况和近期的健康变化。通过调查，及时了解患者的健康状况，对经常呈现的疾病发展趋势，可以给出健康指导，并组织讨论会，给出具体的健康解决方案。
1、 杭州市安慧中心，副高级保健医生，2019年3月至2020年9月
在安慧中心，我负责高血压、脑血管病、糖尿病等慢性病流行情况调查，并通过健康讲座和护理指导，对社区老年人和高危人群进行健康管理。还经常与社区公立医院协作，进行外诊筛查，及早发现病人，及时治疗，减少慢性病的发病率和恶化程度。",,,,,
111190,人力资源,校园招聘,工作经历,,教育培训,IT培训,iOS培训讲师,"1、 独立负责公司内部iOS软件开发培训，根据iOS终端软件开发学习和应用要求，设计相应的课件、教学文档，运用讲话、操作、编程等不同面向，完成iOS软件开发培训。
2、 安排课程计划，定期召开iOS培训课程，熟悉了解iOS开发流程，对iOS应用程序的开发、调试、测试等过程进行详细介绍并讲解，使受训者能够熟练操作iOS系统的基本功能，熟悉iOS系统的开发工具等。
3、 根据培训班学员进度及其它实时反馈，做出相应调整，以达到有效教学及学习目的。
4、 与其它团队协作，对iOS培训流程及体系进行优化及完善。
5、 指导及培训iOS开发学生，让学生能够快速掌握iOS开发的基础知识，熟悉iOS的系统开发工具，能够熟练完成iOS系统的开发及调试。",,,,,
111191,人力资源,校园招聘,工作经历,,公务员农林牧渔,农/林/牧/渔,动物饲料研发,"1、 分析、试验与配方优化：参与进行多只家畜类动物饲料的化学成分分析，以及采用改进性实验设计法对配方进行优化，以提高动物饲料的营养均衡性与口感品质。
2、 产品控制及风险管理：根据国家标准实施生产过程及产品质量控制，撰写并修订产品相关标准与规范。及时监测市场报告，分析公司产品中存在的风险部分，制定更有效的风险管理策略。
3、 技术范围研究：整理、汇总、评点与总结收集的饲料技术文献，并拓展公司在饲料配方技术范围上的研究业务。",,,,,
111192,人力资源,校园招聘,工作经历,,贸易物流,采购,商务采购,"1、 分析供应商和技术特性，确定最优采购路线，并分析采购成本；
2、 根据公司供应商开发计划，负责公司采购订单的准备、执行及回访；
3、 针对公司要求，比较运输费用及交货期限，并提出优化解决方案；
4、 通过实地考察供应商，评估其可靠性，确保采购内容真实可靠，降低公司采购风险；
5、 基于市场动态，进行预测采购，明确采购需求，优化采购结构；
6、 与供应商谈判，结算采购费用，及时地向上报告采购情况。
以上是我曾参与过的采购实习经历，积累了丰富的经验，从而有能力担当商务采购职位，顺利通过校园招聘会。",,,,,
111193,人力资源,校园招聘,工作经历,,生产制造研发,汽车设计与研发,汽车研发管理,"1、 负责车辆性能测试，完成车辆动力性能及操控性能检测，评价车辆各项参数，及时获取测试数据。
2、 对底盘系统进行设计、调优、寿命周期等方面的测试分析，采用模拟及样车测试方法，为工程师提供把控参考。
3、 参与车联网功能开发，搭建全新的驾驶员辅助系统，提升车辆自动化水平，充分利用多传感器数据。
4、 负责研发部门管理，组织编写与汽车研发有关的文档，对实验过程不断进行跟踪和记录。",,,,,
111194,人力资源,校园招聘,工作经历,,IT/互联网,后端开发,.net开发工程师,"1、 负责公司web系统后端的搭建，使用C# + ASP.NET技术，并采用MVC结构，实现跨平台的数据传输； 
2、 根据需求，使用jQuery、JavaScript等前端技术实现各种丰富的前端交互特效；
3、 研究新技术，实现新功能，提高系统稳定性； 
4、 编写详细的设计文档及编码规范，以及在新项目的开发过程中的测试； 
5、 其他技术问题的解决及相关需求的维护等。",,,,,
111195,人力资源,校园招聘,工作经历,,咨询法律翻译,法务,合规专员,"1、 负责公司合规文件的撰写，包括合规政策、流程和程序。
文件需具备合规要求、可操作性和易读性，需按时投入使用并经常更新； 
1、 协助上级整理、研究分析新法令及其相关政策，并就此提出实施建议；
2、 负责收集、分析客户合规情况，及时将发现的问题反馈给上级；
3、 协助部门安排会议、研讨会及其他宣导活动，推广合规信息； 
4、 帮助合规团队完成其他指定的合规任务。",,,,,
111196,人力资源,校园招聘,工作经历,,视觉/交互/设计,高端设计职位,设计经理,"1、 负责设计和实施UI/UE解决方案，确保产品界面有一致的可用性、可访问性和易用性
2、 负责分析用户需求，与产品团队合作，创建可交互和可靠的产品体验
3、 协助解决不同设备上的非常规问题，并针对特定用户进行测试
4、 向公司管理层报告实施结果，协助开发新设计模式以提高用户体验
5、 负责评估新产品的视觉表现，确保产品满足客户的要求
6、 使用HTML、CSS、JavaScript等技术开发可交互的Web应用界面
7、 负责绘制UI原型，并根据客户意见更新或改进
8、 对比竞争对手的产品，分析其优势和劣势，以及不同用户群体的反应
9、 维护和优化现有产品，协助团队提高产品质量",,,,,
111197,人力资源,校园招聘,工作经历,,市场/媒体/广告,公关/媒介/政府关系,媒介顾问,"1、 负责向客户提供市场性建议和可行的媒介方案，为客户制定媒体营销计划； 
2、 根据客户需求，监测当前市场上媒体资源，进行分析比较，对比不同媒体投放效果； 
3、 协助客户进行流量分析，帮助客户制定合理利用媒体资源的有效媒介方案； 
4、 参与客户媒介资源的策略性调整，提出具有创新的营销策略，并协助客户开展媒介宣传和活动。
5、 担任万用销售公司的实习媒介顾问，负责协助客户评估和选择合理的媒体资源，组织和实施媒介投放计划； 
6、 根据客户宣传内容分析，制定不同环节媒体资源的选择，以最大化达到客户预期投放效果； 
7、 监测和分析市场竞争状况，构建营销活动的策略和方案，为客户的营销计划提供技术支持； 
8、 协助客户安排媒介投放时间，优化媒体资源使用，提升媒介效果； 
9、 参与项目跟踪和执行过程，管理媒介资源，帮助客户达到营销目标。",,,,,
111198,人力资源,校园招聘,工作经历,,生产制造研发,汽车设计与研发,汽车电器工程师,"1、 负责整车电气系统设计、原理图绘制及软件编写；
2、 参与新能源电动汽车电控系统设计及配置；
3、 完成汽车电器系统功能模块开发及测试；
4、 实践了汽车整车的调试测试，发挥着重要作用。
通过平时的实习，积累了丰富的汽车电器相关设计、开发经验，掌握了汽车整车电气系统的设计和控制原理，以及汽车电气系统的功能模块开发及测试方面的实践技能。",,,,,
111199,人力资源,校园招聘,工作经历,,生产制造研发,机械设计/制造,注塑技师,"1、 负责注塑生产线的维护和改进工作，包括机器和设备的调试、维修和保养等；
2、 参与新产品的开发和设计，并负责进行注塑模具的制作和调试，以确保生产高质量的塑料零件；
3、 负责处理在生产过程中出现的问题，并提出改进措施，以提高生产效率和降低生产成本。
4、 参与产品的设计和开发，并负责制定产品的技术方案和产品的样品制作；
5、 负责维护生产线的稳定性，包括机器和设备的调试、维修和保养等；
6、 参与注塑模具的制作和改进工作，并负责进行注塑生产的技术支持。
7、 参与新产品的开发和设计，并负责机械部分的设计和制作；
8、 负责生产线的稳定性，包括机器和设备的安装、调试、维修和保养等；
9、 参与注塑模具的制作和改进工作，并负责进行注塑生产的技术支持。
以上是我在机械制造行业的工作经历，我能够熟练运用CAD等相关制图软件，并且具备较强的机械制造能力，严谨的工作态度和敬业的精神也是我一直注重的品质。我相信这些技能和品质能为我在注塑技师职位上充分发挥作用，并为公司创造更大价值。",,,,,
111200,人力资源,校园招聘,工作经历,,生产制造研发,技工/普工,裱胶工,"1、 根据图纸进行自动化装配机械手传送带的安装、调试和维护；
2、 对自动化装配机械手传送带等元件进行检修和维护；
3、 完成相关文档记录，熟练掌握使用计算机软件或设备。
4、 擅长操作激光切割机、折弯机及CNC数控车床等机床；
5、 熟悉不同种类金属材料的特性和标准；
6、 对机械零部件的加工流程及调试方法有独到的见解；
7、 具备工艺文件的编写能力，可以独立完成小批量的生产任务。",,,,,
111201,人力资源,校园招聘,工作经历,,公务员农林牧渔,农/林/牧/渔,林业技术人员,"1、 国家森林资源调查与管理中心实习 
2、 在职期间，参与了国家森林资源调查和分析工作，对全国森林资源进行深入调研，并参与制定森林资源相关政策；
3、 通过对森林资源状况的实地观测，深入理解森林结构特征，熟悉森林自然资源变化规律；
4、 积极参与植树造林工作，提高了对森林生态学、林业管理及保护的认识；
5、 运用ArcGIS、MapInfo等软件，对森林资源进行地理信息数据的制作，编制了森林资源数据库；
6、 参与森林灾害预测和管理工作，熟悉森林资源管理领域有助于森林资源更好的Utilization。",,,,,
111202,人力资源,校园招聘,工作经历,,生产制造研发,汽车设计与研发,电池测试, 杭州科技大学本科大三实习：负责汽车电池测试系统的开发与维护，根据公司需求设计并实施电池模块的性能测试、功能测试等工作，并分析数据结果、完成测试总结报告。同时，对电池测试中出现的问题进行分析解决，协助公司实现汽车电池系统的高效可靠运行。,,,,,
111203,人力资源,校园招聘,工作经历,,教育培训,才艺特长培训,书法老师,"1、 积极参与书法活动，学习书法常识，不断提升书法水平；
2、 学习艺术家书法作品入脑，学习熟练掌握书法技能；
3、 绘制书法作品，增强对书法的观察力和创作能力；
4、 积极参与书法培训机构的日常事务，由此拓宽书法以及教育行业的视野。",,,,,
111204,人力资源,校园招聘,工作经历,,房地产建筑业,建筑工程,光源/照明工程师,"1、 基于国外一体化的IoT家居照明系统，熟悉数字电路设计理论，进行采购、安装、维修、检修以及调试相关的LED和传感器光源
设备；
1、 设计、开发并测试DC照明模块，以满足客户对光源供应和照明系统控制的需求；
2、 按照国家准则，设计、编写和审核灯具和模块的电气安全文件；
3、 熟悉照明方案设计和灯具选型，并针对特定环境设计合理的照明方案和相关灯系统；
4、 针对客户特定需求，提供LED光源和照明系统相关技术支持与咨询服务，协助客户解决技术难题；
5、 对市场信息进行分析，从而更好地针对客户需求提供专业的解决方案。",,,,,
111205,人力资源,校园招聘,工作经历,,销售客服,客服,售后咨询,"1、 及时为广大客户提供日常售前售后咨询服务，解答用户的疑问和使用技巧； 
2、 熟练应用产品相关软件，及时处理技术问题，为客户提供快速、准确的服务；
3、 对用户售后咨询信件进行及时回复和处理，以确保用户满意；
4、 完成上级安排的其他工作和任务。",,,,,
111206,人力资源,校园招聘,工作经历,,销售客服,销售人员,客户主管,"1、 客户主管实习生，全国性贸易服务平台，2020.5-2020.7
2、 负责和客户进行沟通，核实客户信息，关注客户需求，了解市场情况，及时跟进和处理客户投诉；
3、 协助上级处理各类客户咨询和账务处理，及时更新客户信息，改进客户服务流程，促进客户满意度；
4、 向客户介绍公司的新产品及服务，引导客户购买正确的产品，提升客户粘性和忠诚度；
5、 熟练使用ERP系统、CRM系统和Office Office系统，规范文档归档和处理；
6、 协助市场部门举办客户活动，增强客户之间的交流与合作；
7、 在负责人的监督下，完成前期订单管理、物流处理等工作。",,,,,
111207,人力资源,校园招聘,工作经历,,贸易物流,贸易,业务跟单员,"1、 联络与客户的沟通：作为客户与公司之间的中间人，我负责处理所有采购订单，并以邮件、电话和即时通信工具与客户保持联系，及时了解他们的需求，并在需要时向他们提供帮助和建议。
2、 协调物流事宜：我的工作还包括与货运代理公司和运输公司之间的协调，以确保货物按时按质到达目的地。我会安排货物装箱和运输，并及时更新客户有关货物的信息和状态。
3、 处理问题和纠纷：有时候货物可能会延误、丢失或损坏，我需要能够及时处理这些问题，并与客户和供应商就索赔事宜进行协商。我需要尽可能快地解决问题，并确保客户的满意度。
4、 编写报告并记录：在贸易跟单员的职位上，记录非常重要。我需要记录客户对货物的需求、协调、与供应商的商谈、以及相应的物流和财务信息。我还需要根据公司的要求编写报告，向上级汇报有关订单、销售额和供应商的情况。
5、 团队协作：我与其他深入了解我们产品的同事和部门紧密合作，以确保公司满足客户需求并提供优质服务。我也与国内和国外的供应商紧密合作以确保各个订单准时交付。",,,,,
111208,人力资源,校园招聘,工作经历,,生产制造研发,汽车设计与研发,汽车造型设计,"1、 七月 - 2016-七月- 2017 ：汽车设计师， XYZ公司
在 XYZ 公司从事汽车造型设计，创作出多套具有高性能和良好设计风格的汽车外观模型，实践了由概念设计到模型制造的全过程设计。更进一步地，着重研究了车身结构分析、形式外观模拟、室内装饰模拟、系统集成，并协助车辆性能测试，为 XYZ 公司提供了专业化的设计服务。",,,,,
